{"cameraMode":{"drawMode":0,"name":"Shaded","section":"Shading Mode"},"sceneLighting":true,"audioPlay":false,"sceneViewState":{"m_AlwaysRefresh":false,"showFog":true,"showSkybox":true,"showFlares":true,"showImageEffects":true,"showParticleSystems":true,"showVisualEffectGraphs":true,"m_FxEnabled":true},"in2DMode":false,"pivot":{"x":1.3376646041870118,"y":1.2577791213989258,"z":10.278626441955567},"rotation":{"x":-0.04994933307170868,"y":0.9299191236495972,"z":-0.13769122958183289,"w":-0.3373411297798157},"size":1.5023680925369263,"orthographic":true}